No.,店舗名,電話番号,住所,定休日,ジャンル,座席・設備,営業時間,URL
1,鳥しき(とりしき),03-3440-7656,東京都品川区上大崎２-１４-１２,毎週月曜日祝日,カフェ,17席（カウンターのみ）,[火~金・土・日]18:00〜23:00※新型コロナウイルスの影響により、営業時間・定休日等が記載と異なる場合がございます。ご来店時は、事前に店舗へご確認をお願いします。,https://retty.me/area/PRE13/ARE13/SUB704/100000005481/
2,和創作太(わそうさくた),03-3779-0002,東京都品川区上大崎２-２６-５メグロードビルB１F,毎週日曜日,カフェ,16席（テーブル3つ）,[月~金]18:00〜01:00[土]17:00〜01:00※新型コロナウイルスの影響により、営業時間・定休日等が記載と異なる場合がございます。ご来店時は、事前に店舗へご確認をお願いします。,https://retty.me/area/PRE13/ARE13/SUB704/100000001247/
3,ランテルナ・マジカ(TRATTORIADELLALanternaMagica),03-6408-1488,東京都品川区上大崎２-９-２６T＆HMemory１F,毎週日曜日,カフェ,46席（（テーブル４６席））,[月~金・土]17:30〜23:00※新型コロナウイルスの影響により、営業時間・定休日等が記載と異なる場合がございます。ご来店時は、事前に店舗へご確認をお願いします。,https://retty.me/area/PRE13/ARE13/SUB704/100000183446/
4,やきとり阿部(やきとりあべ),03-5422-9834,東京都品川区上大崎３-３MIYUKIHOUSE１F,毎週日曜日日曜日と連続する祝日もお休み。,カフェ,19席,[月~金・土・祝]18:00〜24:00LO23:00※新型コロナウイルスの影響により、営業時間・定休日等が記載と異なる場合がございます。ご来店時は、事前に店舗へご確認をお願いします。,https://retty.me/area/PRE13/ARE13/SUB704/100001289620/
5,そま莉(そまり),03-3493-2051,東京都目黒区目黒１-４-８東レクビル２F,毎週日曜日祝日,カフェ,30席,[月~金・土]18:00〜23:00LO22:00※新型コロナウイルスの影響により、営業時間・定休日等が記載と異なる場合がございます。ご来店時は、事前に店舗へご確認をお願いします。,https://retty.me/area/PRE13/ARE13/SUB704/100000374451/
6,ラメゾンダミ(Lamaisondami),050-5303-6672,東京都品川区上大崎３-４-９セイワビル１０２,毎年1月1日毎年1月2日毎年1月3日毎年12月31日,カフェ,40席,[月~金・祝前]ディナー:18:00〜23:00LO22:00[月~金]ランチ:11:30〜14:00LO13:45[土・日・祝]ディナー:17:00〜23:00LO22:00※新型コロナウイルスの影響により、営業時間・定休日等が記載と異なる場合がございます。ご来店時は、事前に店舗へご確認をお願いします。,https://retty.me/area/PRE13/ARE13/SUB704/100000697983/
7,焼肉ぽんが目黒店(ポンガ),03-3779-1233,東京都品川区上大崎２-１７-５デルタンビル１,毎年1月1日,カフェ,68席,[月~金・土・祝・祝前]17:00〜24:00LO23:00[日]17:00〜24:00※新型コロナウイルスの影響により、営業時間・定休日等が記載と異なる場合がございます。ご来店時は、事前に店舗へご確認をお願いします。,https://retty.me/area/PRE13/ARE13/SUB704/100000052555/
8,立飲ビストロシンサンテ(SHIN),03-6450-4295,東京都品川区上大崎３-１-１目黒セントラルスクエア１F,不定休毎週月曜日,カフェ,60席（イス席50）,[火〜金]ランチ:11:30～14:30ディナー:16:00～22:30[土・日・祝]11:30～21:00(通し営業)※新型コロナウイルスの影響により、営業時間・定休日等が記載と異なる場合がございます。ご来店時は、事前に店舗へご確認をお願いします。,https://retty.me/area/PRE13/ARE13/SUB704/100001403263/
9,食楽太太太(しょくらくたたた),03-6721-9432,東京都品川区上大崎２-１５-２目黒ビジネスマンションB１F,毎月第1月曜日毎月第3月曜日毎週日曜日,カフェ,24席（テーブル16席）,[月~金・祝]18:00〜01:00[土]17:00〜24:30※新型コロナウイルスの影響により、営業時間・定休日等が記載と異なる場合がございます。ご来店時は、事前に店舗へご確認をお願いします。,https://retty.me/area/PRE13/ARE13/SUB704/100001247375/
10,目黒の和食さとう(めぐろのわしょくさとう),03-6450-2555,東京都品川区上大崎２-１３-２６メイプルトップビルB１F,毎週日曜日祝日は不定休,カフェ,25席,[月~金]ランチ:11:30〜14:00LO13:30[月~金・土]ディナー:17:30〜23:00LO21:30※新型コロナウイルスの影響により、営業時間・定休日等が記載と異なる場合がございます。ご来店時は、事前に店舗へご確認をお願いします。,https://retty.me/area/PRE13/ARE13/SUB704/100001341754/
11,料理屋壱(ICHI),03-5422-9558,東京都港区白金台３-１８-１ジャスティー白金台１F,毎週日曜日,カフェ,20席,[月~金・土]ディナー:17:30〜23:30LO22:30[火~木]ランチ:11:30〜14:00LO14:00[祝・祝前]ディナー:17:30〜22:30LO22:30※新型コロナウイルスの影響により、営業時間・定休日等が記載と異なる場合がございます。ご来店時は、事前に店舗へご確認をお願いします。,https://retty.me/area/PRE13/ARE13/SUB704/100000801021/
12,目黒バルlacasadelPINO(MEGUROBARULACASADELPINOめぐろばるらかーさでるぴの),050-5303-8112,東京都目黒区目黒１-６-１３福寿司ビル１F,毎週日曜日,カフェ,30席（人気のテーブル席（３名様より）のご予約は、お早めに♪）,[月~金]ディナー:18:00〜23:00LO21:30[土・祝]ディナー:17:00〜22:00LO20:30詳しくは公式FBにて確認facebookhttps://www.facebook.com/megurobaru.pino/または店舗までお問合せ下さい※新型コロナウイルスの影響により、営業時間・定休日等が記載と異なる場合がございます。ご来店時は、事前に店舗へご確認をお願いします。,https://retty.me/area/PRE13/ARE13/SUB704/100000865062/
13,焼肉稲田(いなだ),03-5447-2914,東京都品川区上大崎２-１３-４５トラストリンク第Ⅲビル２F,無休(年末年始のみ休業),カフェ,50席（最大18名様の個室有り）,[月~金・土]17:00〜24:00LO23:30[日・祝]16:00〜23:00LO22:30※新型コロナウイルスの影響により、営業時間・定休日等が記載と異なる場合がございます。ご来店時は、事前に店舗へご確認をお願いします。,https://retty.me/area/PRE13/ARE13/SUB704/100000001604/
14,鳥焼笹や(とりやきささや),03-5719-7627,東京都目黒区目黒１-２４-６,毎週日曜日祝日の月曜は休み,カフェ,25席,[月~金]17:30〜24:00LO23:00[土・祝]17:30〜23:00LO22:30※新型コロナウイルスの影響により、営業時間・定休日等が記載と異なる場合がございます。ご来店時は、事前に店舗へご確認をお願いします。,https://retty.me/area/PRE13/ARE13/SUB704/100000004131/
15,トラットリア・ダル・ビルバンテ・ジョコンド(TrattoriadalBirbanteGiocondo),050-5303-0281,東京都港区白金台３-１８-１八百吉ビル１F,毎月第1日曜日毎週月曜日,カフェ,46席（オープンテラスあり）,[火~金]ディナー:18:00〜23:00LO21:30[土・日]ランチ:12:00〜15:00LO14:00ディナー:18:00〜22:00LO20:30※新型コロナウイルスの影響により、営業時間・定休日等が記載と異なる場合がございます。ご来店時は、事前に店舗へご確認をお願いします。,https://retty.me/area/PRE13/ARE14/SUB1404/100000752198/
16,焼肉うしみつ一門目黒店(やきにくうしみついちもんめぐろてん),03-5487-1029,東京都目黒区下目黒１-３-２８サンウッド目黒１F,毎週日曜日,カフェ,48席,[月~金・土・祝]17:00〜24:00※新型コロナウイルスの影響により、営業時間・定休日等が記載と異なる場合がございます。ご来店時は、事前に店舗へご確認をお願いします。,https://retty.me/area/PRE13/ARE13/SUB704/100001346116/
17,キッチンセロ(kitchencero),03-5791-5715,東京都品川区上大崎２-１３-４４大庭ビル１F,毎週日曜日・年末年始（要確認）,カフェ,24席（4~5名テーブル×2）,[月~金・土]17:00〜01:00※新型コロナウイルスの影響により、営業時間・定休日等が記載と異なる場合がございます。ご来店時は、事前に店舗へご確認をお願いします。,https://retty.me/area/PRE13/ARE13/SUB704/100000011315/
18,和酒バルKIRAZ(キラズ),03-3712-7277,東京都目黒区三田２-９-５１F,不定休毎週月曜日詳しくは公式FBにて確認月に一度は連休,カフェ,14席（テーブル席(18席)カウンターへのアレンジも可能）,[火~金・土・祝前]18:00〜24:00[日・祝]18:00〜22:00※新型コロナウイルスの影響により、営業時間・定休日等が記載と異なる場合がございます。ご来店時は、事前に店舗へご確認をお願いします。,https://retty.me/area/PRE13/ARE13/SUB704/100000016397/
19,牛鍋アイロン(ぎゅうなべあいろん),03-5420-4551,東京都港区白金台５-１５-１０２F,毎週月曜日祝日の場合は営業し翌日休み自動音声対応,カフェ,42席,[火~金・土・日・祝]ディナー:17:00〜21:00LO20:30※新型コロナウイルスの影響により、営業時間・定休日等が記載と異なる場合がございます。ご来店時は、事前に店舗へご確認をお願いします。,https://retty.me/area/PRE13/ARE14/SUB1404/100000708874/
20,とり彦(とりひこ),03-3448-9625,東京都品川区上大崎２-１５-２目黒ビジネスマンションB１F,毎週日曜日,カフェ,15席,[月~金・土・祝・祝前]ディナー:18:00〜23:30LO22:00※新型コロナウイルスの影響により、営業時間・定休日等が記載と異なる場合がございます。ご来店時は、事前に店舗へご確認をお願いします。,https://retty.me/area/PRE13/ARE13/SUB704/100000103631/
21,小林食堂(kobayashisyokudouこばやししょくどう),050-5461-8248,東京都品川区東五反田５-２１-６池田山コープ１階,毎月第1月曜日毎週日曜日祝日年末年始（要確認）,カフェ,32席,[月~金・土・祝前]ランチ:11:30〜15:00LO14:00ディナー:17:30〜22:30LO21:00◆10/25更新※新型コロナウイルスの影響により、営業時間・定休日等が記載と異なる場合がございます。ご来店時は、事前に店舗へご確認をお願いします。,https://retty.me/area/PRE13/ARE13/SUB1303/100000052279/
22,バルマルシェ・コダマステーキ&ロブスターアトレ目黒店(BarMarcheKodama),050-5304-3221,東京都品川区上大崎３-１-１アトレ目黒２２F,不定休・定休日はアトレに準ずる※肉料理のみ21：00ラストオーダーです。※ご予約はディナーのみ承ります。,カフェ,82席,[全日]モーニング:08:30〜10:30LO10:00ランチ:11:00〜16:00LO15:00ディナー:17:00〜21:30LO21:30※新型コロナウイルスの影響により、営業時間・定休日等が記載と異なる場合がございます。ご来店時は、事前に店舗へご確認をお願いします。,https://retty.me/area/PRE13/ARE13/SUB704/100001380001/
23,NewAmericanGrillKANADETERRACEホテル雅叙園東京(ニューアメリカングリルカナデテラス),050-5304-6599,東京都目黒区下目黒１-８-１ホテル雅叙園東京内１F,無休ホテル雅叙園東京では、このたびの緊急事態宣言を受け、新型コロナウイルス感染症に対するさらなる予防措置を講じるため、【2020年4月8日（水）〜5月6日（水）】までの間、全館休業させていただきます。また、ホテルと目黒駅および品川駅間を往復する無料シャトルバスにつきましても、同期間、運休させていただきます。お客様には大変ご不便をおかけいたしますが、ご理解、ご協力を賜りますようお願い申し上げます。,カフェ,144席（132席＋カウンター12席）,[全日]ランチ:11:30〜14:30LO14:30ディナー:17:30〜20:00LO19:00詳しくは公式HPにて確認ホテル雅叙園東京では、お客様の安全と健康を最優先に考慮し、新型コロナウイルスの感染予防対策として、各レストランの営業時間を変更させていただきます。NewAmericanGrill“KANADETERRACE”ランチ11:30-14:30／ティー14:30-17:30／ディナー17:30-20:00（L.O.19:00）※新型コロナウイルスの影響により、営業時間・定休日等が記載と異なる場合がございます。ご来店時は、事前に店舗へご確認をお願いします。,https://retty.me/area/PRE13/ARE13/SUB704/100001358195/
24,セラフェCellarFête(せらふぇ),03-6420-0270,東京都目黒区下目黒１-３-４ベルグリーン目黒B１F,毎月第1火曜日毎月第3火曜日毎週月曜日,カフェ,28席,[火~金・土・日・祝]18:00〜23:30LO22:30[日]11:30〜18:00LO17:00※新型コロナウイルスの影響により、営業時間・定休日等が記載と異なる場合がございます。ご来店時は、事前に店舗へご確認をお願いします。,https://retty.me/area/PRE13/ARE13/SUB704/100001418594/
25,古澤亭(ふるさわてい),080-1187-5393,東京都目黒区目黒１-６-１２,毎週火曜日・臨時休業あり・詳しくは公式Instagramにて確認,カフェ,,16:00〜※新型コロナウイルスの影響により、営業時間・定休日等が記載と異なる場合がございます。ご来店時は、事前に店舗へご確認をお願いします。,https://retty.me/area/PRE13/ARE13/SUB704/100001551629/
26,花見鮨(はなみすし),03-3442-8730,東京都品川区上大崎２-１６-２,毎週日曜日祝日,カフェ,32席（用途に応じて２〜１６名様までご利用可能です。）,"[月~金・土]ディナー:17:00〜23:30[火~金]ランチ:12:00〜13:30ランチタイムはカード使用不可出前、お持ち帰りはカード使用不可ディナータイムのカードのご利用は5,000円以上から承ります。緊急事態宣言解除に伴い、2021年10月25日(月)から営業時間を下記に変更させていただきます。◆営業時間：月曜～土曜各17:00～22:30※ランチ営業無し2022年1月6日(木)より営業開始致します。美味しい魚と肴をご用意して皆様をお待ちしております。※新型コロナウイルスの影響により、営業時間・定休日等が記載と異なる場合がございます。ご来店時は、事前に店舗へご確認をお願いします。",https://retty.me/area/PRE13/ARE13/SUB704/100000427395/
27,すし処佐藤(すしどころさとう),03-5721-0244,東京都目黒区下目黒３-５-１梶浦ビル２F,毎週月曜日,カフェ,12席,[火~金・土・日・祝]18:00〜23:00LO22:00※新型コロナウイルスの影響により、営業時間・定休日等が記載と異なる場合がございます。ご来店時は、事前に店舗へご確認をお願いします。,https://retty.me/area/PRE13/ARE13/SUB704/100000073971/
28,まました(まました),050-5461-5725,東京都目黒区三田１-１１-１９,毎週日曜日祝日詳しくは公式HPにて確認,カフェ,32席,[月~金]ディナー:17:00〜23:30LO22:30[土]ディナー:17:00〜23:00LO22:00※新型コロナウイルスの影響により、営業時間・定休日等が記載と異なる場合がございます。ご来店時は、事前に店舗へご確認をお願いします。,https://retty.me/area/PRE13/ARE7/SUB701/100001181485/
29,タイ料理みもっと(たいりょうりみもっと),03-6426-6352,東京都目黒区目黒１-２４-７,毎週月曜日毎週火曜日毎週日曜日,カフェ,,[水~金・土]18:00〜22:00※新型コロナウイルスの影響により、営業時間・定休日等が記載と異なる場合がございます。ご来店時は、事前に店舗へご確認をお願いします。,https://retty.me/area/PRE13/ARE13/SUB704/100001517009/
30,マッシュタン(THEMASHTUN),03-3449-3649,東京都品川区上大崎２-１４-３三笠ビルB棟２F,不定休,カフェ,8席（）,[月~金・土]19:00〜27:00[日・祝]19:00〜24:00※新型コロナウイルスの影響により、営業時間・定休日等が記載と異なる場合がございます。ご来店時は、事前に店舗へご確認をお願いします。,https://retty.me/area/PRE13/ARE13/SUB704/100000808228/
31,釣船茶屋ざうお目黒店(つりぶねちゃやざうおめぐろてん),03-6417-9588,東京都品川区上大崎２-２７-１サンフェリスタ目黒５F,無休年末年始（要確認）,カフェ,250席,[月~金・祝・祝前]17:00〜23:00LO22:00[土・日]11:30〜23:00LO22:00※新型コロナウイルスの影響により、営業時間・定休日等が記載と異なる場合がございます。ご来店時は、事前に店舗へご確認をお願いします。,https://retty.me/area/PRE13/ARE13/SUB704/100000766045/
32,可らし(Karashiからし),03-5423-5424,東京都港区白金台３-１９-５OKビル１F,毎週月曜日年末年始（要確認）,カフェ,25席,[火~金・土・日]ディナー:16:00〜22:00LO21:00※新型コロナウイルスの影響により、営業時間・定休日等が記載と異なる場合がございます。ご来店時は、事前に店舗へご確認をお願いします。,https://retty.me/area/PRE13/ARE13/SUB704/100000000601/
33,MARCELO'S(マルセロズ),03-6417-9888,東京都目黒区下目黒１-５-１６本田ビル２F,毎週日曜日祝日,カフェ,22席,[月~金]ディナー:18:00〜23:00[土]ディナー:18:00〜22:00※新型コロナウイルスの影響により、営業時間・定休日等が記載と異なる場合がございます。ご来店時は、事前に店舗へご確認をお願いします。,https://retty.me/area/PRE13/ARE13/SUB704/100000036254/
34,焼肉翠苑目黒本店(すいえん),03-3446-3335,東京都品川区上大崎２-１６-４甲陽ビル３F,無休,カフェ,40席,[全日]11:00〜24:00※新型コロナウイルスの影響により、営業時間・定休日等が記載と異なる場合がございます。ご来店時は、事前に店舗へご確認をお願いします。,https://retty.me/area/PRE13/ARE13/SUB704/100000020516/
35,しら石(しらいし),03-5768-2882,東京都目黒区三田２-８-８テラス三田１F,毎週日曜日,カフェ,20席,[月~金・土]17:30〜23:00※新型コロナウイルスの影響により、営業時間・定休日等が記載と異なる場合がございます。ご来店時は、事前に店舗へご確認をお願いします。,https://retty.me/area/PRE13/ARE13/SUB704/100000046564/
36,つきはし(つきはし),050-5461-5730,東京都目黒区目黒１-５-１７目黒パルテノンビル４F,毎週日曜日祝日,カフェ,25席,[月~金]ディナー:18:00〜22:30LO21:30[土]ディナー:18:00〜21:30LO20:30※しばらくの間、ランチ営業はお休みしております。お休みなどお店の情報は、随時Facebookに載せております。https://www.facebook.com/tukihashi/どうぞ宜しくお願いいたします。※新型コロナウイルスの影響により、営業時間・定休日等が記載と異なる場合がございます。ご来店時は、事前に店舗へご確認をお願いします。,https://retty.me/area/PRE13/ARE13/SUB704/100000856981/
37,ホテル雅叙園東京(ほてるがじょえんとうきょう),03-3491-4111,東京都目黒区下目黒１-８-１,毎週水曜日,カフェ,150席,[月・火・木・金・土・日・祝]11:30〜14:3017:30〜20:00LO19:00※新型コロナウイルスの影響により、営業時間・定休日等が記載と異なる場合がございます。ご来店時は、事前に店舗へご確認をお願いします。,https://retty.me/area/PRE13/ARE13/SUB704/100000856930/
38,パセリ(parsley),03-5487-2717,東京都品川区上大崎２-２６-５,,カフェ,,[月~金・祝前]ディナー:17:00〜23:00LO22:00[土・日・祝]ディナー:17:00〜24:00LO23:00※新型コロナウイルスの影響により、営業時間・定休日等が記載と異なる場合がございます。ご来店時は、事前に店舗へご確認をお願いします。,https://retty.me/area/PRE13/ARE13/SUB704/100000104362/
39,めぐろ大黒屋(めぐろだいこくや),03-3493-5260,東京都目黒区目黒２-８-４,毎週日曜日祝日,カフェ,16席,ランチ:11:30〜14:00ディナー:17:30〜19:00※新型コロナウイルスの影響により、営業時間・定休日等が記載と異なる場合がございます。ご来店時は、事前に店舗へご確認をお願いします。,https://retty.me/area/PRE13/ARE13/SUB704/100000751264/
40,和の香(わのか),03-3493-6009,東京都品川区上大崎２-１８-２０中銀目黒駅前マンションB１F,毎週日曜日祝日,カフェ,22席,[月~金]ランチ:11:30〜14:00[月~金・土]ディナー:18:00〜24:00※新型コロナウイルスの影響により、営業時間・定休日等が記載と異なる場合がございます。ご来店時は、事前に店舗へご確認をお願いします。,https://retty.me/area/PRE13/ARE13/SUB704/100000344371/
41,アルカション(ARCACHON),03-5487-1862,東京都品川区上大崎４-５-２０光真ビル１F,不定休毎週日曜日,カフェ,20席,[月~金・土・祝・祝前]11:30〜15:0017:30〜23:00※新型コロナウイルスの影響により、営業時間・定休日等が記載と異なる場合がございます。ご来店時は、事前に店舗へご確認をお願いします。,https://retty.me/area/PRE13/ARE13/SUB704/100000015006/
42,川合鮮魚店(かわいせんぎょてん),03-3492-9539,東京都目黒区目黒１-４-８東レクビル１F,不定休店休日はお店に確認連休の場合は最終日が休み※貸切等のご相談などは、お電話にてお問い合わせください。,カフェ,18席（カウンター6席2名テーブル×2席4名テーブル×2席(2名テーブルを繋げて最大6名様可能)）,[月~金]ランチ:11:30〜15:00LO14:30[月~金・土]ディナー:18:00〜24:00LO23:30営業時間は日によって異なる場合あり※新型コロナウイルスの影響により、営業時間・定休日等が記載と異なる場合がございます。ご来店時は、事前に店舗へご確認をお願いします。,https://retty.me/area/PRE13/ARE13/SUB704/100000021448/
43,テオドーラ(THEODORA),050-5461-6001,東京都品川区上大崎２-１０-３２フラワープラザビル３F,不定休,カフェ,24席（テラス席6席合わせると30席ですが、案内出来る時期が限られる為、公式には24席との事）,[月~金]ランチ:11:30〜14:30LO13:30[月~金・土・日・祝]ディナー:18:00〜23:00[土・日・祝]ランチ:12:00〜14:30LO13:30ご予約がない場合はお店を閉めている場合もございます。ウォークインのお客様はご留意ください。※新型コロナウイルスの影響により、営業時間・定休日等が記載と異なる場合がございます。ご来店時は、事前に店舗へご確認をお願いします。,https://retty.me/area/PRE13/ARE13/SUB704/100000032356/
44,遊旬こだま(ゆうしゅんこだま),03-5423-0743,東京都品川区上大崎３-４-４,毎週日曜日祝日第1土曜日,カフェ,20席,[月~金・土]ランチ:11:30〜14:30ディナー:17:30〜23:00※新型コロナウイルスの影響により、営業時間・定休日等が記載と異なる場合がございます。ご来店時は、事前に店舗へご確認をお願いします。,https://retty.me/area/PRE13/ARE13/SUB704/100000761571/
45,ポンペット(POMPETTE),03-6409-6816,東京都品川区上大崎１-１-１４１F,不定休定休日：月曜日を中心に月6日,カフェ,26席,[全日]ランチ:12:00〜14:30LO13:30ディナー:18:00〜23:00LO22:00※新型コロナウイルスの影響により、営業時間・定休日等が記載と異なる場合がございます。ご来店時は、事前に店舗へご確認をお願いします。,https://retty.me/area/PRE13/ARE13/SUB704/100001311550/
46,デラッセ(Delasser),03-3445-2540,東京都品川区上大崎２-１３-４５,毎週月曜日不定休で他月２回定休日あり,カフェ,14席（テーブル8席）,[火~金・土・日]ディナー:18:00〜22:00[日]ランチ:12:00〜14:00※新型コロナウイルスの影響により、営業時間・定休日等が記載と異なる場合がございます。ご来店時は、事前に店舗へご確認をお願いします。,https://retty.me/area/PRE13/ARE13/SUB704/100000724334/
47,ブルースアレイジャパン(BLUESALLEYJAPAN),03-5496-4381,東京都目黒区目黒１-３-１４目黒ホテルレオンインターナショナルB１F,不定休・営業日は公演日程による,カフェ,100席（100～130席（公演により変動））,[全日]18:00〜23:30※新型コロナウイルスの影響により、営業時間・定休日等が記載と異なる場合がございます。ご来店時は、事前に店舗へご確認をお願いします。,https://retty.me/area/PRE13/ARE13/SUB704/100000718225/
48,穂むら(ほむら),03-3444-5637,東京都品川区上大崎２-１５-５長者丸ビル１F,毎週日曜日（毎週土曜日か月曜日どちらか定休）,カフェ,12席（3名個室あり）,[月~金・土・祝]18:00〜23:00※新型コロナウイルスの影響により、営業時間・定休日等が記載と異なる場合がございます。ご来店時は、事前に店舗へご確認をお願いします。,https://retty.me/area/PRE13/ARE13/SUB704/100000725492/
49,旬味処ふきだまり目黒(しゅんみどころふきだまりめぐろ),03-6321-1858,東京都品川区上大崎２-２７-１サンフェリスタ目黒２F,毎週日曜日,カフェ,14席,[月~金・土]18:00〜24:00※新型コロナウイルスの影響により、営業時間・定休日等が記載と異なる場合がございます。ご来店時は、事前に店舗へご確認をお願いします。,https://retty.me/area/PRE13/ARE13/SUB704/100000052710/
50,アイズバー(aizbar),050-5304-3127,東京都品川区上大崎２-２６-５メグロードビル２０６,不定休毎週日曜日,カフェ,8席（カウンター席のみ）,[月~金・土]18:00〜24:00LO23:00※新型コロナウイルスの影響により、営業時間・定休日等が記載と異なる場合がございます。ご来店時は、事前に店舗へご確認をお願いします。,https://retty.me/area/PRE13/ARE13/SUB704/100000009317/
51,寿司芳(すしよし),03-3491-6253,東京都品川区上大崎２-２６-５,,カフェ,10席,,https://retty.me/area/PRE13/ARE13/SUB704/100000103444/
52,鮨立(すしたつ),03-5793-7101,東京都品川区上大崎３-６-１,毎週日曜日,カフェ,16席,[月~金]ランチ:11:30〜14:00[月~金・土・祝]ディナー:18:00〜23:00LO22:30※新型コロナウイルスの影響により、営業時間・定休日等が記載と異なる場合がございます。ご来店時は、事前に店舗へご確認をお願いします。,https://retty.me/area/PRE13/ARE13/SUB704/100001186098/
53,とらふぐ亭目黒店(とらふぐていめぐろてん),03-5740-6329,東京都目黒区目黒１-５-１５,無休,カフェ,65席,[月~金・土]17:00〜23:30LO22:30[日・祝]16:00〜23:30LO22:30※新型コロナウイルスの影響により、営業時間・定休日等が記載と異なる場合がございます。ご来店時は、事前に店舗へご確認をお願いします。,https://retty.me/area/PRE13/ARE13/SUB704/100000105931/
54,池田山(いけだやま),03-3449-2989,東京都品川区東五反田５-２１-１３中丸ビル１F,不定休,カフェ,22席,[全日]17:30〜22:00※新型コロナウイルスの影響により、営業時間・定休日等が記載と異なる場合がございます。ご来店時は、事前に店舗へご確認をお願いします。,https://retty.me/area/PRE13/ARE13/SUB1303/100000703228/
55,染川(そめかわ),03-3444-1325,東京都品川区東五反田５-２１-１３,不定休,カフェ,10席,[全日]18:00〜23:30※新型コロナウイルスの影響により、営業時間・定休日等が記載と異なる場合がございます。ご来店時は、事前に店舗へご確認をお願いします。,https://retty.me/area/PRE13/ARE13/SUB1303/100001223685/
56,仁平(にへい),03-3779-1289,東京都目黒区下目黒２-２-１６,毎週月曜日,カフェ,12席,[火~金・土・日・祝・祝前]ランチ:12:00〜14:00ディナー:17:30〜23:00※新型コロナウイルスの影響により、営業時間・定休日等が記載と異なる場合がございます。ご来店時は、事前に店舗へご確認をお願いします。,https://retty.me/area/PRE13/ARE13/SUB704/100000105690/
57,酒と肴ねこや(さけとさかなねこや),03-5496-2212,東京都目黒区目黒１-５-１６経研第一ビルB１F,毎週日曜日,カフェ,30席,[月~金]17:00〜24:00[土]17:00〜23:00※新型コロナウイルスの影響により、営業時間・定休日等が記載と異なる場合がございます。ご来店時は、事前に店舗へご確認をお願いします。,https://retty.me/area/PRE13/ARE13/SUB704/100000819310/
58,炭火焼ささの(すみびやきささの),03-3449-9886,東京都品川区上大崎２-１４-３三笠ビル２皆,毎週月曜日,カフェ,17席,[火~金]18:00〜25:00[土・日・祝]17:00〜23:00※新型コロナウイルスの影響により、営業時間・定休日等が記載と異なる場合がございます。ご来店時は、事前に店舗へご確認をお願いします。,https://retty.me/area/PRE13/ARE13/SUB704/100000724331/
59,よし祥(よししょう),03-3490-8548,東京都目黒区下目黒１-４-７,毎週日曜日土曜日昼休みディナーは18:00～お客がいなくなるまで,カフェ,25席,[月~金]ランチ:11:30〜14:00※新型コロナウイルスの影響により、営業時間・定休日等が記載と異なる場合がございます。ご来店時は、事前に店舗へご確認をお願いします。,https://retty.me/area/PRE13/ARE13/SUB704/100000105676/
60,リストランテ小林(りすとらんてこばやし),050-5461-1550,東京都目黒区下目黒２-１９-２３,不定休,カフェ,18席,[全日]ランチ:11:00〜15:30LO13:30ディナー:17:00〜22:00LO20:00詳しくは公式FBにて確認行政等からの要請により変更が生じる場合がございます。※新型コロナウイルスの影響により、営業時間・定休日等が記載と異なる場合がございます。ご来店時は、事前に店舗へご確認をお願いします。,https://retty.me/area/PRE13/ARE13/SUB704/100001234271/
61,バーリナホーン(BarRenaHorne),03-3445-8400,東京都港区白金台３-１７-５白金台間中ビルB１F,毎週日曜日,カフェ,16席（カウンター８席、テーブル4名×2席）,[月~金・土]19:00〜26:00※新型コロナウイルスの影響により、営業時間・定休日等が記載と異なる場合がございます。ご来店時は、事前に店舗へご確認をお願いします。,https://retty.me/area/PRE13/ARE14/SUB1404/100000487030/
62,バーシバ(BARSHIBA),03-3492-3389,東京都目黒区目黒１-４-１０,,カフェ,,,https://retty.me/area/PRE13/ARE13/SUB704/100000106667/
63,うさぎ(うさぎ),03-3447-4477,東京都港区白金台５-１８-９,毎週土曜日毎週日曜日祝日,カフェ,19席,[月~金]17:30〜23:00※新型コロナウイルスの影響により、営業時間・定休日等が記載と異なる場合がございます。ご来店時は、事前に店舗へご確認をお願いします。,https://retty.me/area/PRE13/ARE14/SUB1404/100000069401/
64,ふぐ懐石料理九重(Kokonoe),03-3446-0007,東京都品川区上大崎２-１５-１５イタキビルB１,毎週日曜日4月～11月まで日祝休。12月～3月まで正月休み（12月30日～1月8日）除き無休,カフェ,40席,[月~金]11:30〜14:00[月~金・土・祝]17:00〜22:00※新型コロナウイルスの影響により、営業時間・定休日等が記載と異なる場合がございます。ご来店時は、事前に店舗へご確認をお願いします。,https://retty.me/area/PRE13/ARE13/SUB704/100001174092/
65,目黒魚金(うおきん),03-3441-5501,東京都品川区上大崎３-１-１目黒セントラルスクエア１F,無休,カフェ,64席,[全日]11:30〜23:00※新型コロナウイルスの影響により、営業時間・定休日等が記載と異なる場合がございます。ご来店時は、事前に店舗へご確認をお願いします。,https://retty.me/area/PRE13/ARE13/SUB704/100001406294/
66,リストランテカノビアーノ(RISTORANTECanovianoりすとらんてかのびあーの),050-5304-5546,東京都目黒区下目黒1-8-1,無休日によって貸切の場合あり,カフェ,66席（ホール席６６名/テラス席８名/個室１室(８名まで)）,[月~金]ランチ:11:30〜14:30LO14:30[月~金・土・日・祝]ディナー:17:30〜21:30LO21:30[土・日・祝]ランチ:11:30〜15:00LO15:00※新型コロナウイルスの影響により、営業時間・定休日等が記載と異なる場合がございます。ご来店時は、事前に店舗へご確認をお願いします。,https://retty.me/area/PRE13/ARE13/SUB704/100001336038/
67,ピッツェリア&トラットリアゴンゾー目黒店(ぴっつぇりああんどとらっとりあごんぞーめぐろてん),03-6721-6962,東京都品川区上大崎３-２-９アクア目黒１F,無休,カフェ,,[全日]11:00〜23:00※新型コロナウイルスの影響により、営業時間・定休日等が記載と異なる場合がございます。ご来店時は、事前に店舗へご確認をお願いします。,https://retty.me/area/PRE13/ARE13/SUB704/100001506656/
68,ローカル(LocaleTokyo),03-6874-6719,東京都目黒区目黒１-１７-２２,毎週月曜日毎週火曜日,カフェ,,[水~金]ディナー:17:00〜23:00[土・日]ランチ:09:30〜14:00ディナー:18:00〜23:00※新型コロナウイルスの影響により、営業時間・定休日等が記載と異なる場合がございます。ご来店時は、事前に店舗へご確認をお願いします。,https://retty.me/area/PRE13/ARE13/SUB704/100001384622/
69,AHILYA目黒店(アヒリヤメグロテン),03-6417-0876,東京都目黒区下目黒１-３-２８サンウッド目黒２F,無休5/1～5/5まで休業,カフェ,35席,[全日]ランチ:11:30〜15:00ディナー:17:30〜23:00※新型コロナウイルスの影響により、営業時間・定休日等が記載と異なる場合がございます。ご来店時は、事前に店舗へご確認をお願いします。,https://retty.me/area/PRE13/ARE13/SUB704/100001403881/
70,ビストロトポロジー(Bistrotopology),03-6420-0136,東京都目黒区目黒１-２３-１５カスカ１F,毎週月曜日,カフェ,15席,※新型コロナウイルスの影響により、営業時間・定休日等が記載と異なる場合がございます。ご来店時は、事前に店舗へご確認をお願いします。,https://retty.me/area/PRE13/ARE13/SUB704/100001411612/
71,すし太(すした),03-3493-6757,東京都品川区上大崎２-２７-１,,カフェ,,,https://retty.me/area/PRE13/ARE13/SUB704/100001412740/
72,Laugh目黒店(らふめぐろてん),03-6303-0801,東京都目黒区下目黒３-４-３,7/12ー8/31まで酒類の提供中止、ディナー営業休業,カフェ,20席,月～日、祝日、祝前日:11:30～15:00（料理L.O.14:00ドリンクL.O.14:00）17:30～22:00（料理L.O.21:00ドリンクL.O.21:30）※新型コロナウイルスの影響により、営業時間・定休日等が記載と異なる場合がございます。ご来店時は、事前に店舗へご確認をお願いします。,https://retty.me/area/PRE13/ARE13/SUB704/100001585687/
73,焼肉ぽんがはなれ(やきにくぽんがはなれ),03-6450-2131,東京都品川区上大崎２-１４-９目黒東誠ビル２F,無休,カフェ,35席,[月~金]18:00〜24:00[土・日・祝]17:00〜23:00※新型コロナウイルスの影響により、営業時間・定休日等が記載と異なる場合がございます。ご来店時は、事前に店舗へご確認をお願いします。,https://retty.me/area/PRE13/ARE13/SUB704/100001537093/
74,ビストロカニッシュ(BistroCaniche),03-6303-9287,東京都品川区上大崎２-１８-２５目黒三田フラワーマンション１F,不明,カフェ,22席,18:00～23:00LO※新型コロナウイルスの影響により、営業時間・定休日等が記載と異なる場合がございます。ご来店時は、事前に店舗へご確認をお願いします。,https://retty.me/area/PRE13/ARE13/SUB704/100001429896/
75,三代目だるま鮨(さんだいめだるまずし),03-3473-4715,東京都品川区上大崎２-１５-１９MG目黒駅前ビル２F,無休店休日はお店に確認,カフェ,48席,[火~金・土・日・祝]12:00〜23:00※新型コロナウイルスの影響により、営業時間・定休日等が記載と異なる場合がございます。ご来店時は、事前に店舗へご確認をお願いします。,https://retty.me/area/PRE13/ARE13/SUB704/100001508484/
76,クロデグルメ(ClosDesGourmets),050-5461-9086,東京都港区白金台３-１８-４２F,毎週日曜日年末年始12/31～1/6はお休みを頂戴します。,カフェ,12席（テーブル10席カウンター2席）,[月]ディナー:18:00〜24:00LO23:00[火~金・土・日・祝・祝前]ランチ:12:00〜15:00ランチはご予約のみの営業となっております。※新型コロナウイルスの影響により、営業時間・定休日等が記載と異なる場合がございます。ご来店時は、事前に店舗へご確認をお願いします。,https://retty.me/area/PRE13/ARE14/SUB1404/100001519712/
77,だるまや不動前店(だるまやふどうまえてん),03-6712-2949,東京都目黒区下目黒３-８-１,不定休,カフェ,14席,[全日]18:00〜20:30※新型コロナウイルスの影響により、営業時間・定休日等が記載と異なる場合がございます。ご来店時は、事前に店舗へご確認をお願いします。,https://retty.me/area/PRE13/ARE13/SUB704/100001482347/
78,BarDove(バードーヴ),03-6417-4045,東京都品川区上大崎４-３-６同潤社ビル,毎週火曜日祝日,カフェ,,[月・水~金・土・日]15:00〜24:00※新型コロナウイルスの影響により、営業時間・定休日等が記載と異なる場合がございます。ご来店時は、事前に店舗へご確認をお願いします。,https://retty.me/area/PRE13/ARE13/SUB704/100001349540/
79,炉端と酒きいと(KIITOMEGUROろばたとさけきいと),03-6277-3337,東京都品川区上大崎２-１４-３B１F-D,毎週日曜日,カフェ,15席（カウンターと４名席テーブル）,[月~金・土・祝・祝前]17:00〜24:00※新型コロナウイルスの影響により、営業時間・定休日等が記載と異なる場合がございます。ご来店時は、事前に店舗へご確認をお願いします。,https://retty.me/area/PRE13/ARE13/SUB704/100001594676/
80,アルコザ・ガーデン(あるこざがーでん),050-3491-2359,東京都目黒区下目黒１-８-１アルコタワー内２F,毎週土曜日毎週日曜日,カフェ,,[月~金]09:30〜20:30※新型コロナウイルスの影響により、営業時間・定休日等が記載と異なる場合がございます。ご来店時は、事前に店舗へご確認をお願いします。,https://retty.me/area/PRE13/ARE13/SUB704/100001431521/
